"","...1","EDO","Werte","AI","MTE","RUN"
"1","1","Device-ID",46,"JUPITER","ZWICK","A"
"2","1","FKap",-39.31,"JUPITER","ZWICK","A"
"3","1","Fakt",14.79,"JUPITER","ZWICK","A"
"4","1","LstartInj",4.03,"JUPITER","ZWICK","A"
"5","1","tinj",6.28,"JUPITER","ZWICK","A"
"6","1","m",2.2459,"JUPITER","ZWICK","A"
"7","1","Linj",6.27,"JUPITER","ZWICK","A"
"8","1","Lnc",6.392,"JUPITER","ZWICK","A"
"9","1","FBruch",200.86,"JUPITER","ZWICK","A"
"10","2","Device-ID",47,"JUPITER","ZWICK","A"
"11","2","FKap",-44.12,"JUPITER","ZWICK","A"
"12","2","Fakt",15.48,"JUPITER","ZWICK","A"
"13","2","LstartInj",4.34,"JUPITER","ZWICK","A"
"14","2","tinj",6.74,"JUPITER","ZWICK","A"
"15","2","m",2.2577,"JUPITER","ZWICK","A"
"16","2","Linj",6.62,"JUPITER","ZWICK","A"
"17","2","Lnc",6.061,"JUPITER","ZWICK","A"
"18","2","FBruch",201.26,"JUPITER","ZWICK","A"
"19","3","Device-ID",48,"JUPITER","ZWICK","A"
"20","3","FKap",-27.19,"JUPITER","ZWICK","A"
"21","3","Fakt",15.17,"JUPITER","ZWICK","A"
"22","3","LstartInj",4.29,"JUPITER","ZWICK","A"
"23","3","tinj",6.71,"JUPITER","ZWICK","A"
"24","3","m",2.2618,"JUPITER","ZWICK","A"
"25","3","Linj",6.55,"JUPITER","ZWICK","A"
"26","3","Lnc",6.127,"JUPITER","ZWICK","A"
"27","3","FBruch",200.77,"JUPITER","ZWICK","A"
"28","4","Device-ID",49,"JUPITER","ZWICK","A"
"29","4","FKap",-40.09,"JUPITER","ZWICK","A"
"30","4","Fakt",15.07,"JUPITER","ZWICK","A"
"31","4","LstartInj",4.09,"JUPITER","ZWICK","A"
"32","4","tinj",6.48,"JUPITER","ZWICK","A"
"33","4","m",2.247,"JUPITER","ZWICK","A"
"34","4","Linj",6.36,"JUPITER","ZWICK","A"
"35","4","Lnc",6.318,"JUPITER","ZWICK","A"
"36","4","FBruch",200.26,"JUPITER","ZWICK","A"
"37","5","Device-ID",50,"JUPITER","ZWICK","A"
"38","5","FKap",-36.11,"JUPITER","ZWICK","A"
"39","5","Fakt",14.86,"JUPITER","ZWICK","A"
"40","5","LstartInj",3.93,"JUPITER","ZWICK","A"
"41","5","tinj",6.07,"JUPITER","ZWICK","A"
"42","5","m",2.2501,"JUPITER","ZWICK","A"
"43","5","Linj",6.19,"JUPITER","ZWICK","A"
"44","5","Lnc",6.482,"JUPITER","ZWICK","A"
"45","5","FBruch",201.14,"JUPITER","ZWICK","A"
"46","6","Device-ID",51,"JUPITER","ZWICK","A"
"47","6","FKap",-34.57,"JUPITER","ZWICK","A"
"48","6","Fakt",14.85,"JUPITER","ZWICK","A"
"49","6","LstartInj",4.2,"JUPITER","ZWICK","A"
"50","6","tinj",7.19,"JUPITER","ZWICK","A"
"51","6","m",2.2507,"JUPITER","ZWICK","A"
"52","6","Linj",6.38,"JUPITER","ZWICK","A"
"53","6","Lnc",6.331,"JUPITER","ZWICK","A"
"54","6","FBruch",205.06,"JUPITER","ZWICK","A"
"55","7","Device-ID",52,"JUPITER","ZWICK","A"
"56","7","FKap",-32.15,"JUPITER","ZWICK","A"
"57","7","Fakt",15.61,"JUPITER","ZWICK","A"
"58","7","LstartInj",4.54,"JUPITER","ZWICK","A"
"59","7","tinj",7.33,"JUPITER","ZWICK","A"
"60","7","m",2.2609,"JUPITER","ZWICK","A"
"61","7","Linj",6.8,"JUPITER","ZWICK","A"
"62","7","Lnc",5.896,"JUPITER","ZWICK","A"
"63","7","FBruch",200.57,"JUPITER","ZWICK","A"
"64","8","Device-ID",53,"JUPITER","ZWICK","A"
"65","8","FKap",-36.98,"JUPITER","ZWICK","A"
"66","8","Fakt",15.08,"JUPITER","ZWICK","A"
"67","8","LstartInj",4.06,"JUPITER","ZWICK","A"
"68","8","tinj",6.42,"JUPITER","ZWICK","A"
"69","8","m",2.2486,"JUPITER","ZWICK","A"
"70","8","Linj",6.32,"JUPITER","ZWICK","A"
"71","8","Lnc",6.348,"JUPITER","ZWICK","A"
"72","8","FBruch",201.3,"JUPITER","ZWICK","A"
"73","9","Device-ID",54,"JUPITER","ZWICK","A"
"74","9","FKap",-34.05,"JUPITER","ZWICK","A"
"75","9","Fakt",15.02,"JUPITER","ZWICK","A"
"76","9","LstartInj",4.42,"JUPITER","ZWICK","A"
"77","9","tinj",7.03,"JUPITER","ZWICK","A"
"78","9","m",2.2665,"JUPITER","ZWICK","A"
"79","9","Linj",6.66,"JUPITER","ZWICK","A"
"80","9","Lnc",6.05,"JUPITER","ZWICK","A"
"81","9","FBruch",202.88,"JUPITER","ZWICK","A"
"82","10","Device-ID",55,"JUPITER","ZWICK","A"
"83","10","FKap",-31.5,"JUPITER","ZWICK","A"
"84","10","Fakt",15.21,"JUPITER","ZWICK","A"
"85","10","LstartInj",4.62,"JUPITER","ZWICK","A"
"86","10","tinj",6.81,"JUPITER","ZWICK","A"
"87","10","m",2.2494,"JUPITER","ZWICK","A"
"88","10","Linj",6.87,"JUPITER","ZWICK","A"
"89","10","Lnc",5.811,"JUPITER","ZWICK","A"
"90","10","FBruch",201.5,"JUPITER","ZWICK","A"
"91","11","Device-ID",56,"JUPITER","ZWICK","A"
"92","11","FKap",-40.69,"JUPITER","ZWICK","A"
"93","11","Fakt",15.17,"JUPITER","ZWICK","A"
"94","11","LstartInj",4.24,"JUPITER","ZWICK","A"
"95","11","tinj",7.19,"JUPITER","ZWICK","A"
"96","11","m",2.2574,"JUPITER","ZWICK","A"
"97","11","Linj",6.52,"JUPITER","ZWICK","A"
"98","11","Lnc",6.156,"JUPITER","ZWICK","A"
"99","11","FBruch",200.64,"JUPITER","ZWICK","A"
"100","12","Device-ID",57,"JUPITER","ZWICK","A"
"101","12","FKap",-37.42,"JUPITER","ZWICK","A"
"102","12","Fakt",15.63,"JUPITER","ZWICK","A"
"103","12","LstartInj",4.42,"JUPITER","ZWICK","A"
"104","12","tinj",7.28,"JUPITER","ZWICK","A"
"105","12","m",2.2517,"JUPITER","ZWICK","A"
"106","12","Linj",6.71,"JUPITER","ZWICK","A"
"107","12","Lnc",6.028,"JUPITER","ZWICK","A"
"108","12","FBruch",200.63,"JUPITER","ZWICK","A"
"109","13","Device-ID",58,"JUPITER","ZWICK","A"
"110","13","FKap",-44.14,"JUPITER","ZWICK","A"
"111","13","Fakt",15.33,"JUPITER","ZWICK","A"
"112","13","LstartInj",4.07,"JUPITER","ZWICK","A"
"113","13","tinj",7.21,"JUPITER","ZWICK","A"
"114","13","m",2.2506,"JUPITER","ZWICK","A"
"115","13","Linj",6.33,"JUPITER","ZWICK","A"
"116","13","Lnc",6.339,"JUPITER","ZWICK","A"
"117","13","FBruch",201.95,"JUPITER","ZWICK","A"
"118","14","Device-ID",59,"JUPITER","ZWICK","A"
"119","14","FKap",-34.98,"JUPITER","ZWICK","A"
"120","14","Fakt",15.57,"JUPITER","ZWICK","A"
"121","14","LstartInj",4.37,"JUPITER","ZWICK","A"
"122","14","tinj",6.98,"JUPITER","ZWICK","A"
"123","14","m",2.2645,"JUPITER","ZWICK","A"
"124","14","Linj",6.64,"JUPITER","ZWICK","A"
"125","14","Lnc",6.038,"JUPITER","ZWICK","A"
"126","14","FBruch",201.57,"JUPITER","ZWICK","A"
"127","15","Device-ID",60,"JUPITER","ZWICK","A"
"128","15","FKap",-31.98,"JUPITER","ZWICK","A"
"129","15","Fakt",15.29,"JUPITER","ZWICK","A"
"130","15","LstartInj",3.97,"JUPITER","ZWICK","A"
"131","15","tinj",6.93,"JUPITER","ZWICK","A"
"132","15","m",2.2597,"JUPITER","ZWICK","A"
"133","15","Linj",6.24,"JUPITER","ZWICK","A"
"134","15","Lnc",6.43,"JUPITER","ZWICK","A"
"135","15","FBruch",198.34,"JUPITER","ZWICK","A"
"136","16","Device-ID",61,"JUPITER","ZWICK","A"
"137","16","FKap",-37.09,"JUPITER","ZWICK","A"
"138","16","Fakt",15.29,"JUPITER","ZWICK","A"
"139","16","LstartInj",4.17,"JUPITER","ZWICK","A"
"140","16","tinj",6.3,"JUPITER","ZWICK","A"
"141","16","m",2.2513,"JUPITER","ZWICK","A"
"142","16","Linj",6.44,"JUPITER","ZWICK","A"
"143","16","Lnc",6.219,"JUPITER","ZWICK","A"
"144","16","FBruch",197.89,"JUPITER","ZWICK","A"
"145","17","Device-ID",62,"JUPITER","ZWICK","A"
"146","17","FKap",-29.71,"JUPITER","ZWICK","A"
"147","17","Fakt",14.78,"JUPITER","ZWICK","A"
"148","17","LstartInj",4.26,"JUPITER","ZWICK","A"
"149","17","tinj",6.45,"JUPITER","ZWICK","A"
"150","17","m",2.2518,"JUPITER","ZWICK","A"
"151","17","Linj",6.5,"JUPITER","ZWICK","A"
"152","17","Lnc",6.185,"JUPITER","ZWICK","A"
"153","17","FBruch",201.2,"JUPITER","ZWICK","A"
"154","18","Device-ID",63,"JUPITER","ZWICK","A"
"155","18","FKap",-28.35,"JUPITER","ZWICK","A"
"156","18","Fakt",14.96,"JUPITER","ZWICK","A"
"157","18","LstartInj",4.1,"JUPITER","ZWICK","A"
"158","18","tinj",6.58,"JUPITER","ZWICK","A"
"159","18","m",2.2566,"JUPITER","ZWICK","A"
"160","18","Linj",6.34,"JUPITER","ZWICK","A"
"161","18","Lnc",6.336,"JUPITER","ZWICK","A"
"162","18","FBruch",201.57,"JUPITER","ZWICK","A"
"163","19","Device-ID",64,"JUPITER","ZWICK","A"
"164","19","FKap",-29.77,"JUPITER","ZWICK","A"
"165","19","Fakt",15.01,"JUPITER","ZWICK","A"
"166","19","LstartInj",4.01,"JUPITER","ZWICK","A"
"167","19","tinj",6.14,"JUPITER","ZWICK","A"
"168","19","m",2.2417,"JUPITER","ZWICK","A"
"169","19","Linj",6.29,"JUPITER","ZWICK","A"
"170","19","Lnc",6.393,"JUPITER","ZWICK","A"
"171","19","FBruch",198.74,"JUPITER","ZWICK","A"
"172","20","Device-ID",65,"JUPITER","ZWICK","A"
"173","20","FKap",-31.8,"JUPITER","ZWICK","A"
"174","20","Fakt",14.57,"JUPITER","ZWICK","A"
"175","20","LstartInj",4.02,"JUPITER","ZWICK","A"
"176","20","tinj",6.77,"JUPITER","ZWICK","A"
"177","20","m",2.2504,"JUPITER","ZWICK","A"
"178","20","Linj",6.25,"JUPITER","ZWICK","A"
"179","20","Lnc",6.419,"JUPITER","ZWICK","A"
"180","20","FBruch",200.56,"JUPITER","ZWICK","A"
"181","21","Device-ID",66,"JUPITER","ZWICK","A"
"182","21","FKap",-36.59,"JUPITER","ZWICK","A"
"183","21","Fakt",14.77,"JUPITER","ZWICK","A"
"184","21","LstartInj",4.37,"JUPITER","ZWICK","A"
"185","21","tinj",6.37,"JUPITER","ZWICK","A"
"186","21","m",2.2613,"JUPITER","ZWICK","A"
"187","21","Linj",6.63,"JUPITER","ZWICK","A"
"188","21","Lnc",6.034,"JUPITER","ZWICK","A"
"189","21","FBruch",200.93,"JUPITER","ZWICK","A"
"190","22","Device-ID",67,"JUPITER","ZWICK","A"
"191","22","FKap",-30.99,"JUPITER","ZWICK","A"
"192","22","Fakt",14.32,"JUPITER","ZWICK","A"
"193","22","LstartInj",4.11,"JUPITER","ZWICK","A"
"194","22","tinj",6.15,"JUPITER","ZWICK","A"
"195","22","m",2.2542,"JUPITER","ZWICK","A"
"196","22","Linj",6.38,"JUPITER","ZWICK","A"
"197","22","Lnc",6.302,"JUPITER","ZWICK","A"
"198","22","FBruch",200.7,"JUPITER","ZWICK","A"
"199","23","Device-ID",68,"JUPITER","ZWICK","A"
"200","23","FKap",-42.85,"JUPITER","ZWICK","A"
"201","23","Fakt",14.31,"JUPITER","ZWICK","A"
"202","23","LstartInj",4.12,"JUPITER","ZWICK","A"
"203","23","tinj",6.59,"JUPITER","ZWICK","A"
"204","23","m",2.2544,"JUPITER","ZWICK","A"
"205","23","Linj",6.4,"JUPITER","ZWICK","A"
"206","23","Lnc",6.291,"JUPITER","ZWICK","A"
"207","23","FBruch",201.94,"JUPITER","ZWICK","A"
"208","24","Device-ID",69,"JUPITER","ZWICK","A"
"209","24","FKap",-22.91,"JUPITER","ZWICK","A"
"210","24","Fakt",15.16,"JUPITER","ZWICK","A"
"211","24","LstartInj",3.96,"JUPITER","ZWICK","A"
"212","24","tinj",6.52,"JUPITER","ZWICK","A"
"213","24","m",2.2581,"JUPITER","ZWICK","A"
"214","24","Linj",6.25,"JUPITER","ZWICK","A"
"215","24","Lnc",6.476,"JUPITER","ZWICK","A"
"216","24","FBruch",201.44,"JUPITER","ZWICK","A"
"217","25","Device-ID",70,"JUPITER","ZWICK","A"
"218","25","FKap",-44.76,"JUPITER","ZWICK","A"
"219","25","Fakt",15.23,"JUPITER","ZWICK","A"
"220","25","LstartInj",3.98,"JUPITER","ZWICK","A"
"221","25","tinj",6.66,"JUPITER","ZWICK","A"
"222","25","m",2.2614,"JUPITER","ZWICK","A"
"223","25","Linj",6.28,"JUPITER","ZWICK","A"
"224","25","Lnc",6.393,"JUPITER","ZWICK","A"
"225","25","FBruch",200.01,"JUPITER","ZWICK","A"
"226","26","Device-ID",71,"JUPITER","ZWICK","A"
"227","26","FKap",-40.53,"JUPITER","ZWICK","A"
"228","26","Fakt",14.87,"JUPITER","ZWICK","A"
"229","26","LstartInj",4.15,"JUPITER","ZWICK","A"
"230","26","tinj",6.4,"JUPITER","ZWICK","A"
"231","26","m",2.2594,"JUPITER","ZWICK","A"
"232","26","Linj",6.42,"JUPITER","ZWICK","A"
"233","26","Lnc",6.253,"JUPITER","ZWICK","A"
"234","26","FBruch",201.31,"JUPITER","ZWICK","A"
"235","27","Device-ID",72,"JUPITER","ZWICK","A"
"236","27","FKap",-32.75,"JUPITER","ZWICK","A"
"237","27","Fakt",15.11,"JUPITER","ZWICK","A"
"238","27","LstartInj",4.09,"JUPITER","ZWICK","A"
"239","27","tinj",6.76,"JUPITER","ZWICK","A"
"240","27","m",2.2594,"JUPITER","ZWICK","A"
"241","27","Linj",6.33,"JUPITER","ZWICK","A"
"242","27","Lnc",6.333,"JUPITER","ZWICK","A"
"243","27","FBruch",197.97,"JUPITER","ZWICK","A"
"244","28","Device-ID",73,"JUPITER","ZWICK","A"
"245","28","FKap",-26.73,"JUPITER","ZWICK","A"
"246","28","Fakt",15.09,"JUPITER","ZWICK","A"
"247","28","LstartInj",4.14,"JUPITER","ZWICK","A"
"248","28","tinj",6.23,"JUPITER","ZWICK","A"
"249","28","m",2.2577,"JUPITER","ZWICK","A"
"250","28","Linj",6.41,"JUPITER","ZWICK","A"
"251","28","Lnc",6.315,"JUPITER","ZWICK","A"
"252","28","FBruch",200.69,"JUPITER","ZWICK","A"
"253","29","Device-ID",74,"JUPITER","ZWICK","A"
"254","29","FKap",-29.14,"JUPITER","ZWICK","A"
"255","29","Fakt",15.39,"JUPITER","ZWICK","A"
"256","29","LstartInj",4.11,"JUPITER","ZWICK","A"
"257","29","tinj",6.27,"JUPITER","ZWICK","A"
"258","29","m",2.2569,"JUPITER","ZWICK","A"
"259","29","Linj",6.4,"JUPITER","ZWICK","A"
"260","29","Lnc",6.274,"JUPITER","ZWICK","A"
"261","29","FBruch",200.79,"JUPITER","ZWICK","A"
"262","30","Device-ID",75,"JUPITER","ZWICK","A"
"263","30","FKap",-36.87,"JUPITER","ZWICK","A"
"264","30","Fakt",14.52,"JUPITER","ZWICK","A"
"265","30","LstartInj",4.35,"JUPITER","ZWICK","A"
"266","30","tinj",6.4,"JUPITER","ZWICK","A"
"267","30","m",2.251,"JUPITER","ZWICK","A"
"268","30","Linj",6.6,"JUPITER","ZWICK","A"
"269","30","Lnc",6.14,"JUPITER","ZWICK","A"
"270","30","FBruch",202.97,"JUPITER","ZWICK","A"
"271","1","Device-ID",41,"MARS","ZWICK","B"
"272","1","FKap",-6.41,"MARS","ZWICK","B"
"273","1","Fakt",9.23,"MARS","ZWICK","B"
"274","1","LstartInj",5.06,"MARS","ZWICK","B"
"275","1","tinj",4.63,"MARS","ZWICK","B"
"276","1","m",1.2795,"MARS","ZWICK","B"
"277","1","Linj",6.76,"MARS","ZWICK","B"
"278","1","Lnc",6.252,"MARS","ZWICK","B"
"279","1","FBruch",228.89,"MARS","ZWICK","B"
"280","2","Device-ID",42,"MARS","ZWICK","B"
"281","2","FKap",-11.26,"MARS","ZWICK","B"
"282","2","Fakt",9.54,"MARS","ZWICK","B"
"283","2","LstartInj",4.9,"MARS","ZWICK","B"
"284","2","tinj",4.8,"MARS","ZWICK","B"
"285","2","m",1.2747,"MARS","ZWICK","B"
"286","2","Linj",6.61,"MARS","ZWICK","B"
"287","2","Lnc",6.413,"MARS","ZWICK","B"
"288","2","FBruch",225.72,"MARS","ZWICK","B"
"289","3","Device-ID",43,"MARS","ZWICK","B"
"290","3","FKap",-5.99,"MARS","ZWICK","B"
"291","3","Fakt",9.62,"MARS","ZWICK","B"
"292","3","LstartInj",5.32,"MARS","ZWICK","B"
"293","3","tinj",4.7,"MARS","ZWICK","B"
"294","3","m",1.2767,"MARS","ZWICK","B"
"295","3","Linj",7.01,"MARS","ZWICK","B"
"296","3","Lnc",5.993,"MARS","ZWICK","B"
"297","3","FBruch",229.97,"MARS","ZWICK","B"
"298","4","Device-ID",44,"MARS","ZWICK","B"
"299","4","FKap",-6.33,"MARS","ZWICK","B"
"300","4","Fakt",9.25,"MARS","ZWICK","B"
"301","4","LstartInj",5.17,"MARS","ZWICK","B"
"302","4","tinj",4.58,"MARS","ZWICK","B"
"303","4","m",1.2793,"MARS","ZWICK","B"
"304","4","Linj",6.89,"MARS","ZWICK","B"
"305","4","Lnc",6.134,"MARS","ZWICK","B"
"306","4","FBruch",229.7,"MARS","ZWICK","B"
"307","5","Device-ID",45,"MARS","ZWICK","B"
"308","5","FKap",-5.35,"MARS","ZWICK","B"
"309","5","Fakt",9.44,"MARS","ZWICK","B"
"310","5","LstartInj",4.82,"MARS","ZWICK","B"
"311","5","tinj",4.79,"MARS","ZWICK","B"
"312","5","m",1.2752,"MARS","ZWICK","B"
"313","5","Linj",6.54,"MARS","ZWICK","B"
"314","5","Lnc",6.399,"MARS","ZWICK","B"
"315","5","FBruch",232.19,"MARS","ZWICK","B"
"316","6","Device-ID",46,"MARS","ZWICK","B"
"317","6","FKap",-15.35,"MARS","ZWICK","B"
"318","6","Fakt",9.34,"MARS","ZWICK","B"
"319","6","LstartInj",5.1,"MARS","ZWICK","B"
"320","6","tinj",4.68,"MARS","ZWICK","B"
"321","6","m",1.2731,"MARS","ZWICK","B"
"322","6","Linj",6.76,"MARS","ZWICK","B"
"323","6","Lnc",6.214,"MARS","ZWICK","B"
"324","6","FBruch",229.79,"MARS","ZWICK","B"
"325","7","Device-ID",46,"MARS","ZWICK","B"
"326","7","FKap",-6.78,"MARS","ZWICK","B"
"327","7","Fakt",9.18,"MARS","ZWICK","B"
"328","7","LstartInj",4.83,"MARS","ZWICK","B"
"329","7","tinj",4.64,"MARS","ZWICK","B"
"330","7","m",1.2781,"MARS","ZWICK","B"
"331","7","Linj",6.49,"MARS","ZWICK","B"
"332","7","Lnc",6.472,"MARS","ZWICK","B"
"333","7","FBruch",230.53,"MARS","ZWICK","B"
"334","8","Device-ID",48,"MARS","ZWICK","B"
"335","8","FKap",-7.24,"MARS","ZWICK","B"
"336","8","Fakt",9.49,"MARS","ZWICK","B"
"337","8","LstartInj",5.19,"MARS","ZWICK","B"
"338","8","tinj",4.67,"MARS","ZWICK","B"
"339","8","m",1.2781,"MARS","ZWICK","B"
"340","8","Linj",6.88,"MARS","ZWICK","B"
"341","8","Lnc",6.118,"MARS","ZWICK","B"
"342","8","FBruch",229.65,"MARS","ZWICK","B"
"343","9","Device-ID",49,"MARS","ZWICK","B"
"344","9","FKap",-10.21,"MARS","ZWICK","B"
"345","9","Fakt",9.52,"MARS","ZWICK","B"
"346","9","LstartInj",5.13,"MARS","ZWICK","B"
"347","9","tinj",4.58,"MARS","ZWICK","B"
"348","9","m",1.268,"MARS","ZWICK","B"
"349","9","Linj",6.78,"MARS","ZWICK","B"
"350","9","Lnc",6.206,"MARS","ZWICK","B"
"351","9","FBruch",226.03,"MARS","ZWICK","B"
"352","10","Device-ID",50,"MARS","ZWICK","B"
"353","10","FKap",-5.69,"MARS","ZWICK","B"
"354","10","Fakt",9.4,"MARS","ZWICK","B"
"355","10","LstartInj",4.96,"MARS","ZWICK","B"
"356","10","tinj",4.57,"MARS","ZWICK","B"
"357","10","m",1.2685,"MARS","ZWICK","B"
"358","10","Linj",6.65,"MARS","ZWICK","B"
"359","10","Lnc",6.3,"MARS","ZWICK","B"
"360","10","FBruch",226.41,"MARS","ZWICK","B"
"361","11","Device-ID",51,"MARS","ZWICK","B"
"362","11","FKap",-14.55,"MARS","ZWICK","B"
"363","11","Fakt",9.33,"MARS","ZWICK","B"
"364","11","LstartInj",5.37,"MARS","ZWICK","B"
"365","11","tinj",4.83,"MARS","ZWICK","B"
"366","11","m",1.2747,"MARS","ZWICK","B"
"367","11","Linj",7.04,"MARS","ZWICK","B"
"368","11","Lnc",5.949,"MARS","ZWICK","B"
"369","11","FBruch",230.58,"MARS","ZWICK","B"
"370","12","Device-ID",53,"MARS","ZWICK","B"
"371","12","FKap",-11.37,"MARS","ZWICK","B"
"372","12","Fakt",9.22,"MARS","ZWICK","B"
"373","12","LstartInj",5.53,"MARS","ZWICK","B"
"374","12","tinj",4.55,"MARS","ZWICK","B"
"375","12","m",1.2736,"MARS","ZWICK","B"
"376","12","Linj",7.2,"MARS","ZWICK","B"
"377","12","Lnc",5.781,"MARS","ZWICK","B"
"378","12","FBruch",232.16,"MARS","ZWICK","B"
"379","13","Device-ID",54,"MARS","ZWICK","B"
"380","13","FKap",-12.4,"MARS","ZWICK","B"
"381","13","Fakt",9.42,"MARS","ZWICK","B"
"382","13","LstartInj",4.95,"MARS","ZWICK","B"
"383","13","tinj",4.63,"MARS","ZWICK","B"
"384","13","m",1.2741,"MARS","ZWICK","B"
"385","13","Linj",6.65,"MARS","ZWICK","B"
"386","13","Lnc",6.345,"MARS","ZWICK","B"
"387","13","FBruch",227.62,"MARS","ZWICK","B"
"388","14","Device-ID",55,"MARS","ZWICK","B"
"389","14","FKap",-12.02,"MARS","ZWICK","B"
"390","14","Fakt",9.3,"MARS","ZWICK","B"
"391","14","LstartInj",5.45,"MARS","ZWICK","B"
"392","14","tinj",4.58,"MARS","ZWICK","B"
"393","14","m",1.2762,"MARS","ZWICK","B"
"394","14","Linj",7.17,"MARS","ZWICK","B"
"395","14","Lnc",5.825,"MARS","ZWICK","B"
"396","14","FBruch",231.96,"MARS","ZWICK","B"
"397","15","Device-ID",56,"MARS","ZWICK","B"
"398","15","FKap",-10.86,"MARS","ZWICK","B"
"399","15","Fakt",9.29,"MARS","ZWICK","B"
"400","15","LstartInj",5.18,"MARS","ZWICK","B"
"401","15","tinj",4.65,"MARS","ZWICK","B"
"402","15","m",1.2729,"MARS","ZWICK","B"
"403","15","Linj",6.89,"MARS","ZWICK","B"
"404","15","Lnc",6.096,"MARS","ZWICK","B"
"405","15","FBruch",226.63,"MARS","ZWICK","B"
"406","16","Device-ID",57,"MARS","ZWICK","B"
"407","16","FKap",-16.21,"MARS","ZWICK","B"
"408","16","Fakt",9.81,"MARS","ZWICK","B"
"409","16","LstartInj",4.99,"MARS","ZWICK","B"
"410","16","tinj",4.63,"MARS","ZWICK","B"
"411","16","m",1.2786,"MARS","ZWICK","B"
"412","16","Linj",6.68,"MARS","ZWICK","B"
"413","16","Lnc",6.326,"MARS","ZWICK","B"
"414","16","FBruch",228.76,"MARS","ZWICK","B"
"415","17","Device-ID",58,"MARS","ZWICK","B"
"416","17","FKap",-12.39,"MARS","ZWICK","B"
"417","17","Fakt",9.33,"MARS","ZWICK","B"
"418","17","LstartInj",5.1,"MARS","ZWICK","B"
"419","17","tinj",5.04,"MARS","ZWICK","B"
"420","17","m",1.2662,"MARS","ZWICK","B"
"421","17","Linj",6.83,"MARS","ZWICK","B"
"422","17","Lnc",6.114,"MARS","ZWICK","B"
"423","17","FBruch",228.97,"MARS","ZWICK","B"
"424","18","Device-ID",59,"MARS","ZWICK","B"
"425","18","FKap",-7.19,"MARS","ZWICK","B"
"426","18","Fakt",9.37,"MARS","ZWICK","B"
"427","18","LstartInj",5,"MARS","ZWICK","B"
"428","18","tinj",4.87,"MARS","ZWICK","B"
"429","18","m",1.2724,"MARS","ZWICK","B"
"430","18","Linj",6.72,"MARS","ZWICK","B"
"431","18","Lnc",6.284,"MARS","ZWICK","B"
"432","18","FBruch",230.77,"MARS","ZWICK","B"
"433","19","Device-ID",60,"MARS","ZWICK","B"
"434","19","FKap",-8.56,"MARS","ZWICK","B"
"435","19","Fakt",9.27,"MARS","ZWICK","B"
"436","19","LstartInj",4.96,"MARS","ZWICK","B"
"437","19","tinj",5.36,"MARS","ZWICK","B"
"438","19","m",1.2728,"MARS","ZWICK","B"
"439","19","Linj",6.67,"MARS","ZWICK","B"
"440","19","Lnc",6.321,"MARS","ZWICK","B"
"441","19","FBruch",227.71,"MARS","ZWICK","B"
"442","20","Device-ID",61,"MARS","ZWICK","B"
"443","20","FKap",-12.69,"MARS","ZWICK","B"
"444","20","Fakt",9.43,"MARS","ZWICK","B"
"445","20","LstartInj",5.13,"MARS","ZWICK","B"
"446","20","tinj",4.89,"MARS","ZWICK","B"
"447","20","m",1.2807,"MARS","ZWICK","B"
"448","20","Linj",6.83,"MARS","ZWICK","B"
"449","20","Lnc",6.155,"MARS","ZWICK","B"
"450","20","FBruch",229.14,"MARS","ZWICK","B"
"451","21","Device-ID",62,"MARS","ZWICK","B"
"452","21","FKap",-15.29,"MARS","ZWICK","B"
"453","21","Fakt",9.3,"MARS","ZWICK","B"
"454","21","LstartInj",5.36,"MARS","ZWICK","B"
"455","21","tinj",4.8,"MARS","ZWICK","B"
"456","21","m",1.2719,"MARS","ZWICK","B"
"457","21","Linj",7.05,"MARS","ZWICK","B"
"458","21","Lnc",5.939,"MARS","ZWICK","B"
"459","21","FBruch",227.38,"MARS","ZWICK","B"
"460","22","Device-ID",63,"MARS","ZWICK","B"
"461","22","FKap",-12.95,"MARS","ZWICK","B"
"462","22","Fakt",9.4,"MARS","ZWICK","B"
"463","22","LstartInj",4.83,"MARS","ZWICK","B"
"464","22","tinj",4.58,"MARS","ZWICK","B"
"465","22","m",1.2778,"MARS","ZWICK","B"
"466","22","Linj",6.52,"MARS","ZWICK","B"
"467","22","Lnc",6.469,"MARS","ZWICK","B"
"468","22","FBruch",231.54,"MARS","ZWICK","B"
"469","23","Device-ID",65,"MARS","ZWICK","B"
"470","23","FKap",-7.57,"MARS","ZWICK","B"
"471","23","Fakt",9.37,"MARS","ZWICK","B"
"472","23","LstartInj",5.16,"MARS","ZWICK","B"
"473","23","tinj",4.6,"MARS","ZWICK","B"
"474","23","m",1.275,"MARS","ZWICK","B"
"475","23","Linj",6.83,"MARS","ZWICK","B"
"476","23","Lnc",6.145,"MARS","ZWICK","B"
"477","23","FBruch",226.62,"MARS","ZWICK","B"
"478","24","Device-ID",66,"MARS","ZWICK","B"
"479","24","FKap",-10.49,"MARS","ZWICK","B"
"480","24","Fakt",9.25,"MARS","ZWICK","B"
"481","24","LstartInj",5.03,"MARS","ZWICK","B"
"482","24","tinj",4.59,"MARS","ZWICK","B"
"483","24","m",1.2663,"MARS","ZWICK","B"
"484","24","Linj",6.7,"MARS","ZWICK","B"
"485","24","Lnc",6.272,"MARS","ZWICK","B"
"486","24","FBruch",225.35,"MARS","ZWICK","B"
"487","25","Device-ID",67,"MARS","ZWICK","B"
"488","25","FKap",-11.77,"MARS","ZWICK","B"
"489","25","Fakt",9.5,"MARS","ZWICK","B"
"490","25","LstartInj",5.11,"MARS","ZWICK","B"
"491","25","tinj",4.72,"MARS","ZWICK","B"
"492","25","m",1.2742,"MARS","ZWICK","B"
"493","25","Linj",6.84,"MARS","ZWICK","B"
"494","25","Lnc",6.157,"MARS","ZWICK","B"
"495","25","FBruch",228.6,"MARS","ZWICK","B"
"496","26","Device-ID",68,"MARS","ZWICK","B"
"497","26","FKap",-5.95,"MARS","ZWICK","B"
"498","26","Fakt",9.2,"MARS","ZWICK","B"
"499","26","LstartInj",5.11,"MARS","ZWICK","B"
"500","26","tinj",5.35,"MARS","ZWICK","B"
"501","26","m",1.2712,"MARS","ZWICK","B"
"502","26","Linj",6.8,"MARS","ZWICK","B"
"503","26","Lnc",6.193,"MARS","ZWICK","B"
"504","26","FBruch",227.15,"MARS","ZWICK","B"
"505","27","Device-ID",69,"MARS","ZWICK","B"
"506","27","FKap",-6.64,"MARS","ZWICK","B"
"507","27","Fakt",9.46,"MARS","ZWICK","B"
"508","27","LstartInj",5.21,"MARS","ZWICK","B"
"509","27","tinj",4.64,"MARS","ZWICK","B"
"510","27","m",1.2683,"MARS","ZWICK","B"
"511","27","Linj",6.93,"MARS","ZWICK","B"
"512","27","Lnc",6.077,"MARS","ZWICK","B"
"513","27","FBruch",226.19,"MARS","ZWICK","B"
"514","28","Device-ID",70,"MARS","ZWICK","B"
"515","28","FKap",-12.14,"MARS","ZWICK","B"
"516","28","Fakt",9.39,"MARS","ZWICK","B"
"517","28","LstartInj",4.95,"MARS","ZWICK","B"
"518","28","tinj",4.51,"MARS","ZWICK","B"
"519","28","m",1.2773,"MARS","ZWICK","B"
"520","28","Linj",6.65,"MARS","ZWICK","B"
"521","28","Lnc",6.332,"MARS","ZWICK","B"
"522","28","FBruch",223.75,"MARS","ZWICK","B"
"523","29","Device-ID",71,"MARS","ZWICK","B"
"524","29","FKap",-12.04,"MARS","ZWICK","B"
"525","29","Fakt",9.42,"MARS","ZWICK","B"
"526","29","LstartInj",4.96,"MARS","ZWICK","B"
"527","29","tinj",5.01,"MARS","ZWICK","B"
"528","29","m",1.2782,"MARS","ZWICK","B"
"529","29","Linj",6.65,"MARS","ZWICK","B"
"530","29","Lnc",6.35,"MARS","ZWICK","B"
"531","29","FBruch",228.61,"MARS","ZWICK","B"
"532","30","Device-ID",72,"MARS","ZWICK","B"
"533","30","FKap",-6,"MARS","ZWICK","B"
"534","30","Fakt",9.11,"MARS","ZWICK","B"
"535","30","LstartInj",5.23,"MARS","ZWICK","B"
"536","30","tinj",4.74,"MARS","ZWICK","B"
"537","30","m",1.2801,"MARS","ZWICK","B"
"538","30","Linj",6.9,"MARS","ZWICK","B"
"539","30","Lnc",6.106,"MARS","ZWICK","B"
"540","30","FBruch",224.42,"MARS","ZWICK","B"
